0.0,0.25,0.647727,0.597523
1.0,0.7,0.0,0.625387
0.25,0.25,0.170455,0.405573
0.375,0.85,0.170455,0.321981
0.5,0.3,0.170455,1.0
0.5,0.0,0.193182,0.541796
0.75,1.0,0.295455,0.356037
0.25,0.8,0.852273,0.52322
0.875,0.95,0.897727,0.436533
0.625,0.75,0.886364,0.275542
0.0,0.7,0.681818,0.572755
0.875,0.6,0.909091,0.034056
0.5,0.9,0.875,0.399381
0.625,0.8,0.625,0.560372
0.25,0.6,0.772727,0.365325
0.375,0.95,1.0,0.625387
0.5,0.7,0.965909,0.575851
0.5,0.65,0.5,0.547988
0.375,0.7,0.568182,0.0
